[{"add":["Note 2"],"change":["Note 2"],"fixed":["Note 2"],"version":"1.0.29","updateTime":"2023-02-02 / 11:20 AM"},{"add":["Note 2"],"change":["Note 2"],"fixed":["Note 2"],"version":"1.0.28","updateTime":"2023-02-01 / 10:14 AM"},{"add":["Note 2"],"change":["Note 2"],"fixed":["Note 2"],"version":"1.0.27","updateTime":"2023-02-01 / 10:14 AM"},{"add":["Note 2"],"change":["Note 2"],"fixed":["Note 2"],"version":"1.0.26","updateTime":"2023-02-01 / 10:13 AM"},{"add":["Note 2"],"change":["Note 2"],"fixed":["Note 2"],"version":"1.0.25","updateTime":"2023-02-01 / 10:08 AM"},{"add":["Note 2"],"change":["Note 2"],"fixed":["Note 2"],"version":"1.0.24","updateTime":"2023-02-01 / 10:07 AM"},{"add":["Note 2"],"change":["Note 2"],"fixed":["Note 2"],"version":"1.0.23","updateTime":"2023-01-31 / 16:42 PM"},{"add":["Note 1"],"change":["Note 1"],"fixed":["Note 1"],"version":"1.0.22","updateTime":"2023-01-31 / 16:40 PM"}]